,mass,EtaPi0_000::NegativeRe::D0+-,EtaPi0_000::NegativeRe::D1+-,EtaPi0_000::NegativeRe::D1--,EtaPi0_000::NegativeRe::D2+-,EtaPi0_000::NegativeRe::D2--,EtaPi0_000::NegativeRe::S0+-,EtaPi0_000::NegativeRe::pD0+-,EtaPi0_000::NegativeRe::pD1+-,EtaPi0_000::NegativeRe::pD1--,EtaPi0_000::NegativeRe::pD2+-,EtaPi0_000::NegativeRe::pD2--,EtaPi0_000::PositiveRe::D0++,EtaPi0_000::PositiveRe::D1++,EtaPi0_000::PositiveRe::D1-+,EtaPi0_000::PositiveRe::D2++,EtaPi0_000::PositiveRe::D2-+,EtaPi0_000::PositiveRe::S0++,EtaPi0_000::PositiveRe::pD0++,EtaPi0_000::PositiveRe::pD1++,EtaPi0_000::PositiveRe::pD1-+,EtaPi0_000::PositiveRe::pD2++,EtaPi0_000::PositiveRe::pD2-+,EtaPi0_045::NegativeRe::D0+-,EtaPi0_045::NegativeRe::D1+-,EtaPi0_045::NegativeRe::D1--,EtaPi0_045::NegativeRe::D2+-,EtaPi0_045::NegativeRe::D2--,EtaPi0_045::NegativeRe::S0+-,EtaPi0_045::NegativeRe::pD0+-,EtaPi0_045::NegativeRe::pD1+-,EtaPi0_045::NegativeRe::pD1--,EtaPi0_045::NegativeRe::pD2+-,EtaPi0_045::NegativeRe::pD2--,EtaPi0_045::PositiveRe::D0++,EtaPi0_045::PositiveRe::D1++,EtaPi0_045::PositiveRe::D1-+,EtaPi0_045::PositiveRe::D2++,EtaPi0_045::PositiveRe::D2-+,EtaPi0_045::PositiveRe::S0++,EtaPi0_045::PositiveRe::pD0++,EtaPi0_045::PositiveRe::pD1++,EtaPi0_045::PositiveRe::pD1-+,EtaPi0_045::PositiveRe::pD2++,EtaPi0_045::PositiveRe::pD2-+,EtaPi0_090::NegativeRe::D0+-,EtaPi0_090::NegativeRe::D1+-,EtaPi0_090::NegativeRe::D1--,EtaPi0_090::NegativeRe::D2+-,EtaPi0_090::NegativeRe::D2--,EtaPi0_090::NegativeRe::S0+-,EtaPi0_090::NegativeRe::pD0+-,EtaPi0_090::NegativeRe::pD1+-,EtaPi0_090::NegativeRe::pD1--,EtaPi0_090::NegativeRe::pD2+-,EtaPi0_090::NegativeRe::pD2--,EtaPi0_090::PositiveRe::D0++,EtaPi0_090::PositiveRe::D1++,EtaPi0_090::PositiveRe::D1-+,EtaPi0_090::PositiveRe::D2++,EtaPi0_090::PositiveRe::D2-+,EtaPi0_090::PositiveRe::S0++,EtaPi0_090::PositiveRe::pD0++,EtaPi0_090::PositiveRe::pD1++,EtaPi0_090::PositiveRe::pD1-+,EtaPi0_090::PositiveRe::pD2++,EtaPi0_090::PositiveRe::pD2-+,EtaPi0_135::NegativeRe::D0+-,EtaPi0_135::NegativeRe::D1+-,EtaPi0_135::NegativeRe::D1--,EtaPi0_135::NegativeRe::D2+-,EtaPi0_135::NegativeRe::D2--,EtaPi0_135::NegativeRe::S0+-,EtaPi0_135::NegativeRe::pD0+-,EtaPi0_135::NegativeRe::pD1+-,EtaPi0_135::NegativeRe::pD1--,EtaPi0_135::NegativeRe::pD2+-,EtaPi0_135::NegativeRe::pD2--,EtaPi0_135::PositiveRe::D0++,EtaPi0_135::PositiveRe::D1++,EtaPi0_135::PositiveRe::D1-+,EtaPi0_135::PositiveRe::D2++,EtaPi0_135::PositiveRe::D2-+,EtaPi0_135::PositiveRe::S0++,EtaPi0_135::PositiveRe::pD0++,EtaPi0_135::PositiveRe::pD1++,EtaPi0_135::PositiveRe::pD1-+,EtaPi0_135::PositiveRe::pD2++,EtaPi0_135::PositiveRe::pD2-+
0,1.06,(34.32019061830461-13.558228806723514j),(84.64396901044003-33.438692451220774j),(5.591058075078981-2.2087536021192604j),(49.45061889717606-19.535521031879366j),(-102.07879405650519+40.326339137357465j),(-52.8947672932579-255.353381473346j),(-44.33916708578003+10.52062533608319j),(-3.5321841553553273+0.8381029360486264j),(-35.12674780373411+8.334738273346805j),(-24.469308016113132+5.8059823580516525j),(3.3882634152494626-0.8039539818786866j),(51.85346639182051+39.859891984380965j),(12.861944999733682+9.88700995463833j),(-72.25253227097737-55.5407059994248j),(176.30202310328045+135.52381521465867j),(24.010101192704614+18.456626078642028j),(1247.73952316596-789.080009593204j),(-0.998834171035923+15.998957634580355j),(-0.48277121908218207+7.732851463501598j),(2.225396229822848-35.645576646786644j),(-1.9377814378480966+31.03866890842775j),(-0.348254804284816+5.578217106862935j),(33.70944209126706-13.316951933729456j),(83.13767844315609-32.843630716634934j),(5.491561818723263-2.169447497322635j),(48.570615257673026-19.18787463248064j),(-100.26224024405259+39.60870756873144j),(-51.95347295222001-250.80921377499624j),(-43.550124819410186+10.333404452056405j),(-3.469326804296266+0.8231883879509668j),(-34.50164610428993+8.18641657023321j),(-24.033861896519067+5.702661394231164j),(3.3279672207121527-0.7896471350520112j),(50.93070262943904+39.15056112465221j),(12.63305891775383+9.71106463913124j),(-70.96675480691815-54.55232558053276j),(173.16462208702148+133.11208704445679j),(23.582826935968814+18.12817926676443j),(1225.5352445133317-775.0378540896504j),(-0.9810593135038205+15.714246517496854j),(-0.47418001356616984+7.595240699806861j),(2.1857939594113796-35.01124207462322j),(-1.903297446425997+30.48631704279102j),(-0.342057399639946+5.478949363294658j),(33.243081759546556-13.13271577507381j),(81.98749283070222-32.38924863358398j),(5.415587657403433-2.1394338218734146j),(47.898654915460625-18.922415965013307j),(-98.87514129733435+39.06073261409524j),(-51.23471175722812-247.33934121472134j),(-42.94762150291327+10.190444805467905j),(-3.421329676520676+0.8117998159113029j),(-34.02432586034949+8.073159876842691j),(-23.701360404022136+5.623766731652567j),(3.2819257616810544-0.7787225964954861j),(50.22609116453508+38.608924492882906j),(12.45828422016088+9.576714882935256j),(-69.98495038478397-53.797610014936j),(170.76893988082801+131.27052001697572j),(23.256565381031518+17.87738117661962j),(1208.5803206786693-764.3154306882016j),(-0.9674866431035097+15.496844485188046j),(-0.4676198709265135+7.490162752724j),(2.155554135411212-34.526871718576956j),(-1.8769658795589217+30.06454770912722j),(-0.33732513495482797+5.403149691629138j),(33.76544717570228-13.339076803534452j),(83.27580391815955-32.89819733646995j),(5.500685534936252-2.173051831382404j),(48.651310791025736-19.21975349111067j),(-100.42881657644429+39.67451373086699j),(-52.03978878715773-251.225909819878j),(-43.62247927757868+10.350572436838648j),(-3.4750907662177353+0.8245560384462931j),(-34.55896736158021+8.200017535505687j),(-24.07379190963453+5.712135832639986j),(3.3334963269100255-0.7909590598935108j),(51.01531922716809+39.21560611933163j),(12.65404756329262+9.727198664535695j),(-71.08465943091919-54.642959165983505j),(173.45231890665204+133.33324032412514j),(23.622007596692725+18.158297540681374j),(1227.5713566703198-776.3255069775645j),(-0.9826892517727477+15.740354267980104j),(-0.47496781929802895+7.60785948167655j),(2.189425451588658-35.069409977944275j),(-1.9064595970751785+30.536967206489308j),(-0.34262569600915505+5.488052125092877j)
1,1.1,(42.71254433797693-14.361501571834653j),(105.34205125808712-35.4198060118411j),(6.958245616521924-2.3396137342733723j),(61.54283277959169-20.692925307973507j),(-127.0402331268018+42.71551919969798j),(-206.960710538191+298.457959109493j),(-49.488121055443266+10.63625254106487j),(-3.942364472750851+0.847314128053523j),(-39.205895415945385+8.426341430004763j),(-27.310844042280046+5.869793157389973j),(3.781730715355976-0.8127898589191604j),(60.7124902215886+51.89299844678075j),(15.0593733527161+12.871750691657594j),(-84.59668107508983-72.30761616942246j),(206.4227446786978+176.4364322711123j),(28.11216173797351+24.02840601793614j),(1201.14029295533-546.002096150867j),(-1.4870699476045386+17.74361925611863j),(-0.7187525139643025+8.576106973114753j),(3.313182458955923-39.532671729708326j),(-2.8849799344181424+34.42338781730981j),(-0.5184837168954092+6.186513067464577j),(41.952448806149306-14.105929974677863j),(103.46742581219354-34.78948916452877j),(6.8344194318622815-2.2979788943642316j),(60.44764088838444-20.324682200220995j),(-124.77947542531864+41.955370728408724j),(-203.27771965618726+293.14671940992275j),(-48.60745004237646+10.44697400106777j),(-3.872207715128019+0.8322356612290761j),(-38.50820282027238+8.276389593375216j),(-26.82483107234978+5.7653366418431435j),(3.714432532494938-0.798325772322241j),(59.63207477786316+50.96953118759747j),(14.791382705590308+12.642690111465722j),(-83.09123202518506-71.02085845411077j),(202.74932722418274+173.29663936250674j),(27.61188883552198+23.600806015776246j),(1179.7652757578246-536.2856589756694j),(-1.4606066394544701+17.427860831420084j),(-0.7059618787347268+8.423489968162782j),(3.2542223753969823-38.829163952105795j),(-2.8336399734874176+33.810802833768044j),(-0.5092569859046454+6.076420329767561j),(41.372048872838285-13.910778534188104j),(102.03598405491388-34.30818669552827j),(6.7398672258444305-2.2661870244020754j),(59.611365349320224-20.04349613053329j),(-123.05318765722957+41.37493037115268j),(-200.4654314992496+289.09111976704986j),(-47.93498010162587+10.302443152784301j),(-3.8186368470718675+0.8207219227937264j),(-37.97545302890533+8.161888149365424j),(-26.453717332662936+5.685574885434044j),(3.66304443822397-0.7872811673420336j),(58.80708235884623+50.26438254087916j),(14.586748225835125+12.467782169107636j),(-81.94168898542146-70.03830552374606j),(199.94434922293385+170.89913073568545j),(27.229886380485812+23.274295725496483j),(1163.4435661351881-528.8663027863948j),(-1.4403995712079856+17.18675144323993j),(-0.6961951013713588+8.306953433231094j),(3.209201154862586-38.291973756785865j),(-2.794437388216675+33.343040205641444j),(-0.5022115635498507+5.992354820970615j),(42.0221488750882-14.129365657687101j),(103.63932726055388-34.84728864613522j),(6.84577418037194-2.3017967713157637j),(60.548068988698255-20.358449758273743j),(-124.98678485031766+42.0250756518481j),(-203.61544657027625+293.6337552596414j),(-48.68820677327797+10.464330671030993j),(-3.8786410259923563+0.8336183429225598j),(-38.57218059672324+8.290140040408449j),(-26.869398019649008+5.774915209312453j),(3.7206037146535778-0.7996521159076576j),(59.73114789138251+51.05421229534339j),(14.815957204186205+12.663694758331841j),(-83.22928033381024-71.13885296626007j),(203.08617626367834+173.58455551648998j),(27.657763405663566+23.640016547059272j),(1181.7253453936162-537.1766474272439j),(-1.4630333007426581+17.456815591773175j),(-0.7071347683518123+8.437484808707131j),(3.2596289614333718-38.893674975450516j),(-2.8383478012095296+33.86697631959439j),(-0.5101030687445097+6.086515733681728j)
2,1.1400000000000001,(54.17360913463563-14.035454076576382j),(133.60850304631285-34.615674286831j),(8.825352929328789-2.2864977565243803j),(78.0566323012392-20.22313623804345j),(-161.12896200531813+41.74575374905514j),(298.456761455411-520.497175179166j),(-54.903033198909576+10.488327648199192j),(-4.37373177468483+0.8355300103737313j),(-43.495742649091085+8.309151127455001j),(-30.299153517339224+5.788158340935749j),(4.195521724939037-0.8014858914420129j),(70.64653150468351+69.62109061027388j),(17.523453413300157+17.269098877294542j),(-98.43875737842559-97.00990977245343j),(240.19853051656435+236.7120267813816j),(32.71199571353272+32.23717809081355j),(1217.50964670932-205.679904256017j),(-2.0912300217649555+19.550803761913894j),(-1.0107640449882207+9.449581962526015j),(4.659247291571395-43.55906740419753j),(-4.057076575828381+37.92940382241383j),(-0.7291309439173097+6.816608337152389j),(53.209557030401676-13.785684691583503j),(131.2308590133072-33.99966744939175j),(8.668300442000836-2.2458081475299845j),(76.66756737051973-19.863253310619456j),(-158.26157477829753+41.00286283985635j),(293.1455430688187-511.2346134817861j),(-53.92600055276093+10.301681521041365j),(-4.295898575307977+0.8206612490429226j),(-42.72170963013784+8.161284763061355j),(-29.759961774874654+5.685154566268448j),(4.1208598810653045-0.7872229657757867j),(69.3893337945465+68.38214124038622j),(17.211612972790594+16.961784829424765j),(-96.68698021783445-95.28355981826721j),(235.92405254698875+232.4995932521897j),(32.129865986437224+31.663498030181522j),(1195.8433269720065-202.01970609562014j),(-2.0540153200841185+19.202885397100946j),(-0.99277688814155+9.281420942416316j),(4.576333171073672-42.7839074829687j),(-3.9848784470264915+37.25442716585655j),(-0.7161556182564582+6.6953026734511125j),(52.47341827734212-13.594963751487416j),(129.41531822874862-33.5292919342125j),(8.548377025332018-2.2147380446838145j),(75.60689386384128-19.588450975478214j),(-156.0720718991818+40.43560015233655j),(289.08995970028303-504.1618312243743j),(-53.17995001184556+10.159160751981341j),(-4.236466067371655+0.8093076392353914j),(-42.1306671969574+8.048375760917034j),(-29.348241355185024+5.606502105565335j),(4.063848982578641-0.7763319648964722j),(68.42935253354925+67.4360941955766j),(16.97349531086955+16.727123467240087j),(-95.3493439542214-93.96533946789633j),(232.66011186506447+229.28302896909048j),(31.68535863093128+31.22544273977337j),(1179.2991821848436-199.22482219057807j),(-2.0255986152499093+18.937219060068845j),(-0.9790421085025218+9.153015181863424j),(4.513020932029574-42.19200456057577j),(-3.929748812148833+36.73902299618543j),(-0.706247813470211+6.602675107343494j),(53.29795973152561-13.808588317014598j),(131.4488868085952-34.056154716108225j),(8.68270201224486-2.2495393476663503j),(76.79494336127047-19.896254247739915j),(-158.52451157904056+41.0709852605483j),(293.6325769641567-512.083981964858j),(-54.01559355777225+10.318796801141485j),(-4.303035808899204+0.822024700933373j),(-42.79268775396959+8.174843974187356j),(-29.809405167247586+5.6945999187204155j),(4.127706304241338-0.7885308630868206j),(69.50461768110702+68.49575177074328j),(17.240208457557078+16.989965248103072j),(-96.84761659016674-95.44186453889898j),(236.31601828903283+232.88586957548188j),(32.183246752947426+31.716103969962244j),(1197.83010878575-202.35534293786847j),(-2.057427874380363+19.2347891947121j),(-0.9944262940645308+9.296841155012881j),(4.583936320510432-42.85498894271418j),(-3.99149894977126+37.316321911351324j),(-0.7173454438181102+6.706426292481377j)
3,1.18,(70.58763874376389-10.684187464542147j),(174.09046391370066-26.350437347748958j),(11.499341364047904-1.7405472266644682j),(101.706964893945-15.394427391474638j),(-209.9493303634689+31.77805694565132j),(-213.605171406316+480.463844349726j),(-60.6973662934168+10.03604917444722j),(-4.835324828692227+0.7995002208266166j),(-48.08617793868094+7.9508432716983135j),(-33.496852765120686+5.538560930549485j),(4.638306922096798-0.7669241550171051j),(80.48680801873822+97.63529860455067j),(19.96427567867348+24.21785712830175j),(-112.15018201134524-136.04485975742958j),(273.65551571046456+331.9604622033609j),(37.26841308168609+45.208807869496226j),(1198.66159221377-114.98495113242j),(-2.8366619787023866+21.454518552258918j),(-1.3710571797537887+10.369713388512835j),(6.320064987503391-47.80053194349936j),(-5.503246772262505+41.62269274930497j),(-0.9890342069400923+7.48035997976802j),(69.33148906588828-10.494055893621267j),(170.9924189293622-25.88151539518994j),(11.294703636999602-1.7095731371919678j),(99.89702800608553-15.120474255301929j),(-206.2131551860612+31.212547223181396j),(-209.80393832882743+471.91369996110797j),(-59.61721998913049+9.85745161597967j),(-4.749277302041928+0.7852726313686598j),(-47.23045535037889+7.80935321207416j),(-32.900756032610694+5.439998892597496j),(4.5557654481252685-0.753276276331478j),(79.05449664290393+95.89781947826059j),(19.608999331297415+23.78688572917358j),(-110.15440176547763-133.62385928479335j),(268.78565047589535+326.0530252202669j),(36.60519915470612+44.404289819975475j),(1177.3306849934995-112.93872445738062j),(-2.7861818649855388+21.072722432597992j),(-1.3466583888982309+10.185178073768459j),(6.207595612702174-46.94989259825827j),(-5.405313171092735+40.881991784945626j),(-0.9714337456898493+7.347242454572301j),(68.37230806989605-10.348873681041413j),(168.62678852237764-25.52345215366697j),(11.138444695644994-1.6859216898258946j),(98.51498166450936-14.911286889626107j),(-203.36025613192302+30.780730706092985j),(-206.90136183377928+465.38491111134164j),(-58.79243308179727+9.721076638514885j),(-4.683572431222167+0.7744086127988897j),(-46.57703573088839+7.70131308062835j),(-32.44558363742002+5.3647380893708485j),(4.492737757548957-0.7428549180320436j),(77.960800663642+94.57110102406403j),(19.33771452604637+23.457801080153867j),(-108.63044763984321-131.7752120371436j),(265.0670791397616+321.54217640264176j),(36.09877686583335+43.78996937900853j),(1161.042657226332-111.37625003672925j),(-2.7476358488494568+20.7811874437568j),(-1.328027761572498+10.044269096032943j),(6.12171533199956-46.30035448288146j),(-5.330532234739682+40.3164013133323j),(-0.9579942422220133+7.24559549111713j),(69.44667684884364-10.511490785744341j),(171.27650683666116-25.924515111741012j),(11.313468730445777-1.7124134330247323j),(100.06299757251033-15.145595508720367j),(-206.55575905166603+31.264403950383823j),(-210.15250794469756+472.69774042493134j),(-59.716268422808064+9.873828849651305j),(-4.757167781972952+0.7865772883815348j),(-47.308924333420805+7.822327721852239j),(-32.95541756081399+5.449036941832562j),(4.56333442621451-0.7545277743937947j),(79.18583829333775+96.05714473385198j),(19.641577849217295+23.826405414492207j),(-110.33741299880165-133.8458628261615j),(269.23221268861676+326.5947318186254j),(36.666015268597214+44.478063393383216j),(1179.286709784498-113.12636158237716j),(-2.7908108455001948+21.107732789515868j),(-1.348895735828253+10.202099794290111j),(6.217908952077174-47.02789545253487j),(-5.4142935932464535+40.94991338968762j),(-0.9730476919783488+7.359449210558364j)
4,1.22,(94.40642879858659+1.2847026189247932j),(232.83480335193494+3.1684651718077532j),(15.379629791222321+0.20928924991994718j),(136.02652688858842+1.8510777026620213j),(-280.7937318914896-3.8211003988752057j),(-192.60260841918+0j),(-67.00781814692084+9.208938464515265j),(-5.338033370937896+0.7336102292827j),(-53.08549717164716+7.295582669771827j),(-36.97938074823573+5.082106106181758j),(5.120532334846559-0.7037188865599484j),(83.95892447158586+144.7538768715122j),(20.825513585349693+35.90534119264395j),(-116.98822319768217-201.6998069324411j),(285.460727544553+492.1638440070886j),(38.87613332078812+67.02647814244399j),(1245.08805867865+0j),(-3.7610797265915257+23.493552178318797j),(-1.81786035893096+11.35524910399757j),(8.379661896167653-52.34348599483054j),(-7.296657134684407+45.57850606276922j),(-1.3113428856015916+8.191292061353865j),(92.72640936125688+1.2618405596514066j),(228.69136735614447+3.1120804198064254j),(15.105939987286261+0.20556482127282805j),(133.60585266042926+1.818136656590735j),(-275.79683778733386-3.753101608710242j),(-189.1751286390162+0j),(-65.81537353936073+9.045059840840533j),(-5.2430398420605+0.7205551920325536j),(-52.14080867719143+7.16575336844308j),(-36.3213103262521+4.991666957602448j),(5.029409368312459-0.6911957838127927j),(82.4648246857493+142.1778941776661j),(20.45491098909636+35.266383953446905j),(-114.90634708593886-198.1104370085443j),(280.38078143312555+483.4054910558624j),(38.18430904082845+65.83370146898987j),(1222.9309644384898+0j),(-3.694149040552112+23.07547022337373j),(-1.7855104355600537+11.153175585772058j),(8.230540750044778-51.41200203756186j),(-7.16680871260339+44.76740901054126j),(-1.2880067466876313+8.045523070247562j),(91.44356644407407+1.2443833623360627j),(225.52748877123443+3.0690256919057886j),(14.896953698983205+0.20272089172990346j),(131.75745452919293+1.7929832644940886j),(-271.9812687129562-3.701178539011255j),(-186.5579457290619+0j),(-64.90483697951431+8.919924067415826j),(-5.170503910040416+0.7105865204221065j),(-51.419455746904596+7.066617253734136j),(-35.81881555679218+4.922608696362676j),(4.9598289517925425-0.6816332910800443j),(81.32394780942505+140.21090434400182j),(20.171923241973143+34.778483783678965j),(-113.31665117822546-195.3696367048652j),(276.50179483099845+476.7177166170584j),(37.656040225741414+64.9229113475651j),(1206.012070061577+0j),(-3.643041562495595+22.756227801062415j),(-1.7608084177466556+10.998874643862814j),(8.116673611453827-50.70073193526421j),(-7.067657997514785+44.148064921134576j),(-1.2701875477813673+7.934215597470443j),(92.8804656156319+1.263936989693047j),(229.07131666837907+3.117250850281323j),(15.131037093378108+0.20590634799228924j),(133.8278262854756+1.821157320554602j),(-276.2550484318598-3.7593370359214284j),(-189.48942541746152+0j),(-65.92471962530983+9.06008736157898j),(-5.251750662259092+0.7217523270744438j),(-52.22743575291048+7.1776585972912805j),(-36.38165478541321+4.999960145270052j),(5.037765261464563-0.6923441409445691j),(82.60183227718193+142.41410944775822j),(20.488894910098605+35.32497575113049j),(-115.09725323185691-198.43957896592596j),(280.84660787117997+484.20862405550497j),(38.247748698065806+65.94307800507943j),(1224.9627498277703+0j),(-3.700286523586458+23.113807958384104j),(-1.7884768941099398+11.171705543601409j),(8.244215023514089-51.497418269230785j),(-7.178715694807183+44.841785872513455j),(-1.2901466494011227+8.058889954150738j)
5,1.26,(122.66413983913287+37.56242626944313j),(302.52686433793315+92.6403026273385j),(19.983057122194975+6.119246511449107j),(176.74195633108394+54.12222930116305j),(-364.8408485843004-111.722199275202j),(-151.297986355702-525.247833374213j),(-73.9998354338698+7.892204405423691j),(-5.895037354056294+0.6287154492039023j),(-58.624771903688156+6.252428540854271j),(-40.83804197020559+4.35544447979429j),(5.654840891575375-0.6030981006213751j),(54.498775506217065+220.74551755145362j),(13.518098246646211+54.75461725606849j),(-75.93850151188423-307.5864303852193j),(185.29608620173568+750.5357701879884j),(25.234978600951788+102.213460025932j),(1043.35985541158+29.6681230601811j),(-4.920053346032931+25.71183160533038j),(-2.378032531015863+12.42742053575047j),(10.96184780646155-57.285798559533156j),(-9.545116019886493+49.88206397285274j),(-1.7154321155397567+8.964720213998804j),(120.48125736157687+36.89398020015517j),(297.1432160115413+90.991712472254j),(19.627446547684393+6.010350822756342j),(173.5967264372449+53.159091532107524j),(-358.3482852604489-109.73403524069533j),(-148.60554727987676-515.900730844081j),(-72.6829636543712+7.7517578598523205j),(-5.790131602778182+0.6175270779387894j),(-57.58150866875164+6.141162797484603j),(-40.11130434051717+4.277936713878518j),(5.554209581464895-0.592365605551339j),(53.52893686994737+216.81721770038033j),(13.277535521214125+53.780225761290104j),(-74.58712999825731-302.11274402421407j),(181.99863039876072+737.179532711649j),(24.785906910710782+100.39450975119328j),(1024.7926364252473+29.14016088594683j),(-4.832498024226731+25.25427402777958j),(-2.335714005407479+12.206267079130745j),(10.766775102004146-56.26636316421386j),(-9.375254913507934+48.99438250756494j),(-1.6849049646433385+8.805187601639611j),(118.8144341908723+36.38356270946964j),(293.0323259999995+89.73286858223987j),(19.35590653055739+5.927199366381947j),(171.1950661929824+52.42365095454613j),(-353.3906409086657-108.21589676372729j),(-146.54963273411502-508.7633942094405j),(-71.67741598174857+7.644514543361057j),(-5.710026815292645+0.6089837703357089j),(-56.784885235737825+6.05620159546796j),(-39.55637610565234+4.218752703073411j),(5.477368706559755-0.5841703996040919j),(52.78837958965405+213.81761452404479j),(13.093844677166953+53.0361919722368j),(-73.55523873782383-297.93310203729953j),(179.48073225569325+726.9808681807391j),(24.44300109406818+99.00558089429558j),(1010.6149282159556+28.737015231374297j),(-4.765641818908492+24.904888488230505j),(-2.303400081153947+12.037396922553247j),(10.617819898458032-55.4879343869317j),(-9.245550987243297+48.316559468642915j),(-1.6615947942732348+8.683370390911415j),(120.68142569937162+36.955276096737116j),(297.63689166648174+91.14288669003302j),(19.660055713928525+6.020336458365572j),(173.88514115782897+53.24741038952721j),(-358.9436474120649-109.91634807436475j),(-148.8524414942758-516.7578516446238j),(-72.80371959881683+7.764636680340867j),(-5.799751364755455+0.6185530414076408j),(-57.67717495851609+6.151365764952069j),(-40.17794552016992+4.285044105517355j),(5.56343738107483-0.593349765587735j),(53.61787019079596+217.17743922381715j),(13.299594904337226+53.86957657512297j),(-74.71104953694395-302.6146760850362j),(182.3010040967585+738.4042875403304j),(24.8270863762617+100.56130583699695j),(1026.4952335188511+29.18857453712667j),(-4.840526767602166+25.296231641478638j),(-2.339594575715799+12.226546649957069j),(10.784663091578413-56.35984446275755j),(-9.390831022469074+49.0757820905589j),(-1.68770427661518+8.81981659709325j)
6,1.3,(114.94512225658954+113.88409032674248j),(283.48943263149715+280.8726070203608j),(18.725561904102058+18.55271055822043j),(165.6199261250114+164.0911267606915j),(-341.8821181130677-338.7262830811822j),(-505.691077438529+85.6538363092126j),(-81.87443361975622+5.903388491259641j),(-6.522350241737898+0.47028071707782876j),(-64.86325229724713+4.676832073069055j),(-45.1837701644408+3.257883285266686j),(6.256593578796819-0.45111887673132817j),(-68.60502738955736+278.46064304385453j),(-17.01707041766644+69.07051205327889j),(95.59412900112675-388.00658852186024j),(-233.25740717968392+946.7674610663261j),(-31.766702682993234+128.93772939205448j),(1016.32630810647+33.473126519008j),(-6.395567158668318+28.158326309652633j),(-3.0911995638976055+13.609896331165842j),(14.249283269632373-62.7365733219081j),(-12.407676553281075+54.62836937899691j),(-2.2298866555821184+9.817718198192662j),(112.8996043604587+111.85745413483937j),(278.4445669040307+275.8743092856334j),(18.392329216729358+18.222553864978057j),(162.6726194782071+161.17102602221908j),(-335.7981192687643-332.6984442279096j),(-496.6919991957382+84.12957454322267j),(-80.41742860799994+5.798334126449548j),(-6.406281078624337+0.46191178759128154j),(-63.708971534649024+4.593605020760508j),(-44.37969767600836+3.1999072839132525j),(6.145253716060603-0.44309094377061936j),(-67.38415947855002+273.5052676653081j),(-16.71424136850198+67.84136056145208j),(93.89297372112847-381.10177685994006j),(-229.1064506934571+929.9191620949052j),(-31.20139501648714+126.64320459813437j),(998.2401674270973+32.8774520093821j),(-6.281754177115613+27.65723188075716j),(-3.0361898000700505+13.367700003358731j),(13.995708664961406-61.620138096536614j),(-12.186874452757975+53.656224541465285j),(-2.1902044753313152+9.64300597135503j),(111.3376711549757+110.30993877476617j),(274.5923672670402+272.0576684155983j),(18.137876688817347+17.97045012970243j),(160.4220910779951+158.9412717309451j),(-331.15244990795725-328.0956579701917j),(-489.82040977931626+82.96566633657675j),(-79.30487686121646+5.71811585943356j),(-6.317652042260192+0.4555213722915135j),(-62.82757643418939+4.530053830697064j),(-43.76571746020407+3.15563749687969j),(6.060235917374724-0.436960909373736j),(-66.4519192212939+269.7214017973904j),(-16.483004698136252+66.90279506012611j),(92.59399172515668-375.8293445665051j),(-225.93682955124348+917.0540008224742j),(-30.769732786936302+124.8911326787408j),(984.4298049073739+32.42260201857812j),(-6.194847934232844+27.27460211787176j),(-2.9941849968314385+13.182761759912648j),(13.802082104249331-60.767641399452195j),(-12.018272587528747+52.91390627324008j),(-2.1599036331255688+9.509597787042514j),(113.08717649107398+112.04329483035043j),(278.9071765027826+276.3326486418061j),(18.422886351076304+18.25282893346096j),(162.94288481705522+161.43879660401774j),(-336.3560164292074-333.25119156825434j),(-497.5172064856704+84.26934796080212j),(-80.5510346423882+5.807967516152536j),(-6.416924515313464+0.4626792108134054j),(-63.81481803072627+4.6012368657597j),(-44.45343039186956+3.2052236305064494j),(6.155463480206568-0.4438270979214704j),(-67.4961119555734+273.95967108045824j),(-16.742010516878253+67.95407263530241j),(94.04896811305252-381.73494180920466j),(-229.4870896278246+931.464135786551j),(-31.253233215341456+126.85361043479767j),(999.898650077508+32.93207482013095j),(-6.292190724007673+27.70318178412645j),(-3.0412341453800065+13.389909186333815j),(14.018961225576021-61.72251419127184j),(-12.207121804549805+53.74536933887203j),(-2.19384329516818+9.659026923650027j)
7,1.3399999999999999,(32.202178694891856+150.09758852755874j),(79.42031108840406+370.186045094177j),(5.246015479039477+24.452204934412617j),(46.39885844487549+216.2697384233851j),(-95.77917569646145-446.4363557325606j),(-634.903393284335+110.937177666462j),(-90.87436884002321+2.9536033276670888j),(-7.239310678156348+0.23529244144363531j),(-71.9932566593194+2.3399284655598636j),(-50.1505343484348+1.6299952013595942j),(6.9443410772433-0.22570532457076736j),(-198.98162450563706+185.57056701979468j),(-49.35621258201694+46.029679260835145j),(277.2606586662622-258.5737138733754j),(-676.5384342030187+630.9407773589746j),(-92.13596066593387+85.92613768316318j),(99.5858508131162-594.048335566956j),(-8.309696357138934+30.88515696275295j),(-4.016364634760229+14.927868219595116j),(18.513951044516837-68.8119348090719j),(-16.121169881800782+59.91853863527374j),(-2.897269399103877+10.768458474156985j),(31.62912146965559+147.42651125632113j),(78.00697866978291+363.5983607690631j),(5.152659464142207+24.017063174490456j),(45.5731627263815+212.4210877659953j),(-94.07472739872134-438.4917510620302j),(-623.6049038157847+108.96298356576378j),(-89.2572045435956+2.901042171993793j),(-7.110482770915847+0.23110527029318934j),(-70.71209316141433+2.2982880248173307j),(-49.25807529061369+1.600988451968823j),(6.820762332260728-0.22168876195725415j),(-195.44062628025011+182.26822666483127j),(-48.477888959928954+45.2105533089655j),(272.3266377347011-253.97223841436193j),(-664.4990240269747+619.7128050348815j),(-90.49634558075724+84.39703014970944j),(97.81366043182346-583.4768865335952j),(-8.161820290053656+30.33553693493573j),(-3.9448909995462897+14.66221778576373j),(18.18448410023788-67.58738485552851j),(-15.834283923941893+58.85225203970284j),(-2.845710739724231+10.576827249706595j),(31.19154176896877+145.3869083311898j),(76.92777479715701+358.56808314885836j),(5.081373918376303+23.684794087429264j),(44.94267126855541+209.48230376931085j),(-92.77323089345735-432.42534515924706j),(-614.97751125857+107.45551236456734j),(-88.02235706653875+2.8609070969010886j),(-7.012111308856075+0.22790799606288675j),(-69.73381190911347+2.266491878125223j),(-48.57660413869585+1.5788392421563506j),(6.726399068245633-0.21862176238232273j),(-192.73676203186108+179.7465987357966j),(-47.807211459089544+44.58507844701582j),(268.5590778692358-250.45860632771863j),(-655.3058732048953+611.1392585328355j),(-89.24435494767974+83.2294217724993j),(96.4604368749851-575.4046534299349j),(-8.048903879049078+29.915853600231085j),(-3.8903145793798397+14.459370265125044j),(17.932907049090243-66.65233303426116j),(-15.61522120901078+58.038048241567466j),(-2.806341158911674+10.430499919477613j),(31.681670295997012+147.6714466126687j),(78.13657996710221+364.20244542997943j),(5.16122012579819+24.05696527810083j),(45.648878272772365+212.7740055308147j),(-94.23102375737722-439.22026408446146j),(-624.6409650237355+109.14401536920903j),(-89.40549703871855+2.9058619821630853j),(-7.122296172836953+0.23148923007932742j),(-70.82957468891557+2.3021064153601905j),(-49.339912974497594+1.6036483445054477j),(6.832094390777052-0.22205707709572906j),(-195.76533259687398+182.5710482718038j),(-48.55843043721272+45.28566641373231j),(272.7790829664851-254.3941895287734j),(-665.603026989913+620.742399884823j),(-90.6466967927888+84.53724791975795j),(97.97616867792766-584.4462787949043j),(-8.175380390907653+30.385936591590653j),(-3.9514450668879917+14.686577688929026j),(18.21469591936819-67.6996749725035j),(-15.860591105346163+58.95002955069704j),(-2.8504386218951967+10.594399658694345j)
8,1.38,(-22.647126394277244+115.18980347683738j),(-55.854662522483885+284.09289051593703j),(-3.6894142084550317+18.76542260672756j),(-32.631357701209176+165.9724777150751j),(67.35951373009216-342.60987525663825j),(-277.249249730053-123.377456332404j),(-101.28384473322693-1.4181810760798041j),(-8.06855913346437-0.11297633797817488j),(-80.23993918635507-1.1235233377999112j),(-55.89517703476066-0.7826468527494896j),(7.739801358953797+0.10837305642174268j),(-195.804241730303+70.38188999566106j),(-48.56808161714292+17.45781065553401j),(272.83329888712336-98.07000634785031j),(-665.7353182216872+239.29874817443104j),(-90.66471318197082+32.58945676187603j),(205.903556395224-615.081901813789j),(-10.846692215158228+33.94076901336186j),(-5.2425827785709815+16.404751567693562j),(24.166361806212002-75.6198191750762j),(-21.043051435441072+65.84655800488936j),(-3.7818216317228015+11.833832094235968j),(-22.244107097538226+113.13993133056492j),(-54.86069505758312+279.0372858908301j),(-3.6237588536085013+18.431480574069283j),(-32.05066297626147+163.01889719972704j),(66.1608104871481-336.5129255342812j),(-272.3154318274046-121.18187995689088j),(-99.48143752426094-1.3929436870186165j),(-7.924974248960537-0.11096585578774479j),(-78.81202099054201-1.1035295612126788j),(-54.900488589636566-0.7687191791586445j),(7.60206691767062+0.10644449240774109j),(-192.31978695105983+69.12940174106369j),(-47.70378326173434+17.14713836755781j),(267.9780654976784-96.32479133463393j),(-653.8881560213724+235.04028237524878j),(-89.05127983464443+32.00950768945875j),(202.23937820988763-604.1361477613663j),(-10.653668774020801+33.336772523016705j),(-5.149287850652459+16.112819102404682j),(23.73630679745198-74.27411880616881j),(-20.66857762171707+64.67477872314696j),(-3.7145218309500874+11.623241902557089j),(-21.936366342388744+111.57467327131553j),(-54.10171328991692+275.1768861589655j),(-3.5736252033253435+18.176486398510097j),(-31.60725137137634+160.7635781479036j),(65.24549490755041-331.8573670365908j),(-268.5480269924091-119.50536387625691j),(-98.10514075618524-1.3736727160489053j),(-7.815334534081392-0.10943067543160867j),(-77.72167959144085-1.088262550538425j),(-54.140956290022714-0.7580841727879752j),(7.496894531848051+0.10497186379956977j),(-189.65909860753644+68.17301656446197j),(-47.04381528819055+16.909912693056864j),(264.27066686494663-94.99216584892868j),(-644.841803473484+231.78856839673128j),(-87.8192812660719+31.566665456002355j),(199.44145520500516-595.7780997844368j),(-10.506278363641396+32.87556796643484j),(-5.07804895017903+15.889902934252007j),(23.407921893248922-73.24655796458295j),(-20.382633858846194+63.78002196100255j),(-3.6631325012609532+11.462437729807272j),(-22.281063600491045+113.32790274195787j),(-54.95184097007128+279.5008802367283j),(-3.6297793899324127+18.46210275473375j),(-32.10391215437989+163.28973784661432j),(66.27073048426949-337.0720102784626j),(-272.76785844162197-121.38321231358283j),(-99.64671662597966-1.3952579326413646j),(-7.938140852274778-0.11115021517601334j),(-78.94295979036362-1.105362972340788j),(-54.991700615355455-0.7699963341592879j),(7.61469704066268+0.10662133997373818j),(-192.63930828510024+69.24425377483462j),(-47.78303863482+17.175626733799458j),(268.42328598351-96.48482596402043j),(-654.9745300197917+235.43077981583136j),(-89.1992302051282+32.06268849191833j),(202.57538001680294-605.1398634524816j),(-10.67136884801249+33.39215845182842j),(-5.157842910688051+16.139589043950334j),(23.77574245060734-74.39751830604276j),(-20.70291652984039+64.7822298175143j),(-3.7206931614697565+11.642552831595943j)
9,1.42,(-36.2728955961212+80.44690300139047j),(-89.45993001331061+198.40639116391787j),(-5.909170729402219+13.105501412953357j),(-52.26419504395671+115.91279273542584j),(107.88673875880939-239.27381217931733j),(-262.786311723261+104.174248580893j),(-113.40536605561114-7.957457113024969j),(-9.034193996900012-0.6339136654770534j),(-89.8429527401557-6.304123589590447j),(-62.584640512671285-4.391455273548986j),(8.66609091135661+0.6080845127811626j),(-155.3629051939943+18.041020543132515j),(-38.53684778765735+4.474968215460304j),(216.48240903355665-25.13832747736353j),(-528.2345888687789+61.33955243354439j),(-71.93885645201146+8.353669658015441j),(158.744434675729-637.849680356987j),(-14.288412358637911+37.35064374804624j),(-6.906085567711774+18.05286236557885j),(31.83449256655778-83.21699856558973j),(-27.72013718370484+72.46186228448327j),(-4.981816195112161+13.022723396514548j),(-35.62739750425156+79.015301759449j),(-87.86793651035578+194.87562956338144j),(-5.804013466170965+12.87228109745252j),(-51.33412211706348+113.85005455849353j),(105.96682906143477-235.01579013123353j),(-258.10987054041357+102.32040488918312j),(-111.38724905134023-7.815849356098571j),(-8.873425056600613-0.6226327888127905j),(-88.24414311636853-6.191937901596291j),(-61.47090902343233-4.313306673801964j),(8.511872587858672+0.597263281494138j),(-152.59812843156863+17.719969682852742j),(-37.851061298743474+4.395333452456553j),(212.62997377417122-24.690975752259796j),(-518.8343352201343+60.24797803890949j),(-70.658661038662+8.20501105947403j),(155.91948155318133-626.4987599299416j),(-14.034141428187748+36.68596647667767j),(-6.783187602633872+17.731600772914256j),(31.267978538117525-81.73610179949446j),(-27.226840595043203+71.17235966636429j),(-4.893161766091776+12.790976165827642j),(-35.13450281695784+77.9221480300054j),(-86.65230915266714+192.17958188032105j),(-5.723716627140962+12.694196830547295j),(-50.6239294608256+112.27497215082441j),(104.50080878679894-231.7644149957919j),(-254.5389955161501+100.90483183292488j),(-109.84623884190476-7.707719352388666j),(-8.75066380052022-0.6140188451840404j),(-87.02331104965208-6.1062742407750035j),(-60.620476867192195-4.253633329883655j),(8.394113305077045+0.589000317624017j),(-150.48697768624945+17.474819053631467j),(-37.327402869290324+4.334525291901417j),(209.68829990028846-24.349383280597092j),(-511.6564130217741+59.41446477732412j),(-69.68111900424627+8.091497116730434j),(153.76238085296927-617.8313317146553j),(-13.839983161369158+36.17842679538515j),(-6.689344174079883+17.486289230943232j),(30.83539514490131-80.60530659245579j),(-26.850165170477368+70.18771076077071j),(-4.825466295540283+12.614016729015436j),(-35.68658909217612+79.14657829125073j),(-88.01392086661086+195.199397190817j),(-5.813656291565585+12.89366718826307j),(-51.41940895853035+114.03920577319595j),(106.14288303446853-235.40624688024397j),(-258.53869594351704+102.49040066958644j),(-111.57230854509389-7.828834658612217j),(-8.888167422201892-0.6236672349426076j),(-88.39075250470448-6.202225227149105j),(-61.57303718802333-4.32047282932027j),(8.52601426785724+0.5982555785609235j),(-152.85165594603563+17.749409754735005j),(-37.91394729603348+4.40263588779379j),(212.98323858355135-24.73199749857199j),(-519.6963299299022+60.348074418077836j),(-70.77605379369+8.21864291775082j),(156.17852718513927-627.5396290090989j),(-14.057457841242984+36.74691677791824j),(-6.794457234252129+17.76106016876454j),(31.31992735926399-81.87189868602536j),(-27.272075443555423+71.29060588360447j),(-4.901291296599081+12.81222717610057j)
10,1.46,(-36.5653550878942+58.45430279945913j),(-90.1812235642048+144.1659881703977j),(-5.956814928739468+9.522715223956775j),(-52.68558847476169+84.224516197602j),(108.75660316494246-173.8610604918996j),(-33.055781501704+230.493220479592j),(-127.46908426686231-17.883345143760906j),(-10.1545497883171-1.4246381362856324j),(-100.98462984549394-14.167694073655406j),(-70.34593769935863-9.869221941733016j),(9.740797204448937+1.3665904904270765j),(-122.18003665176965-2.4177537929887465j),(-30.306033922707908-0.5997094981720271j),(170.24545619275526+3.368894041358693j),(-415.41268392305227-8.220373963982173j),(-56.57394284059077-1.1195107534385056j),(76.8677506869901-702.834138571096j),(-19.068701172511673+41.06742281553858j),(-9.216565049851713+19.849310678526965j),(42.484945877367075-91.49795887284824j),(-36.99410397387818+79.67257422688635j),(-6.6485178294524525+14.318620357445507j),(-35.91465250267529+57.41407316522347j),(-88.57639420673301+141.60046731116844j),(-5.850809808196152+9.353252753275514j),(-51.74801659717701+82.72569004654032j),(106.82121370492092-170.76709788004914j),(-32.467533898805385+226.3914543657123j),(-125.20069490024585-17.565100212474572j),(-9.973843439832063-1.3992858399369659j),(-99.18754734622968-13.91557139802001j),(-69.09408923759499-9.693593174662434j),(9.567453833167784+1.3422711870066955j),(-120.00576908290995-2.374728403525444j),(-29.766719739272922-0.589037305329845j),(167.21583544382193+3.308942536532026j),(-408.02016423572263-8.074087442848391j),(-55.56717534786684-1.0995883832142388j),(75.49984262287433-690.3267804489337j),(-18.729362114545623+40.33660321512408j),(-9.052550706483219+19.496080202786093j),(41.72890059765254-89.86969741503657j),(-36.33577154319903+78.25475263330789j),(-6.53020343788974+14.063811857406009j),(-35.41778372598577+56.61976615372608j),(-87.35096554276949+139.6414660103394j),(-5.769865555378312+9.223853220501484j),(-51.03209783112929+81.58120417378522j),(105.34337326711912-168.40458472427912j),(-32.01835500589467+223.25939440842126j),(-123.46857968317313-17.32209215735415j),(-9.835858215320343-1.3799271271253453j),(-97.81531646333075-13.72305351309951j),(-68.13819259921313-9.559485131098278j),(9.435090890723458+1.3237012553437362j),(-118.3455241543124-2.3418747264157562j),(-29.354905825110436-0.580888145448598j),(164.9024529714759+3.263164278475927j),(-402.3753238783404-7.962384790280239j),(-54.798419630764194-1.0843758975918603j),(74.45532424861234-680.776310125098j),(-18.470246834470558+39.778558035825284j),(-8.92731129911+19.22635760085148j),(41.151593388818775-88.62637627716005j),(-35.83307670700664+77.17212087992657j),(-6.439859971710407+13.869243108824625j),(-35.97432133790633+57.5094612765628j),(-88.72355559917271+141.83572324054154j),(-5.860530381335136+9.368792307705784j),(-51.83399108560177+82.86313104136532j),(106.9986871581101-171.05081143750397j),(-32.52147566896234+226.7675825876757j),(-125.40870414199637-17.594282983220214j),(-9.990414047630294-1.4016106224534641j),(-99.35233817691174-13.938690818062634j),(-69.20888260294498-9.709698172863172j),(9.583349262653266+1.344501245011208j),(-120.20514744141278-2.378673792606346j),(-29.81617435937147-0.5900159357067933j),(167.49364891096812+3.314440034996938j),(-408.69805156733224-8.087501783784377j),(-55.659495011264376-1.1014152464438103j),(75.62527854820031-691.4736938129184j),(-18.76047919752205+40.40361870777973j),(-9.067590672594143+19.528471116137812j),(41.7982292621565-90.01900750976525j),(-36.39614002831921+78.38476558388774j),(-6.541052759985551+14.087177565103651j)
11,1.5,(-33.70288075191737+44.69554059959556j),(-83.12149619607133+110.23271972735675j),(-5.4904929193758685+7.281292984896999j),(-48.56116128070522+64.40005445118483j),(100.24272480441941-132.93827341614175j),(-59.6730966220838+221.985295257891j),(-143.35695494989247-33.184365090721755j),(-11.420222753719539-2.6435609029869487j),(-113.57145236161028-26.289596764722692j),(-79.11392381671442-18.313344703862015j),(10.95489964524084+2.5358475944676377j),(-98.6490981817445-10.585067045629708j),(-24.46932410457081-2.6255631423101655j),(137.45748637170462+14.749214498521177j),(-335.4073854067192-35.98927641070406j),(-45.678235125402594-4.901283339029041j),(67.2327504668921-675.71888643711j),(-25.844687766169052+44.84779541090762j),(-12.49163452901438+21.676495950490946j),(57.581801247479326-99.92060515890259j),(-50.139810663787365+87.00666036038159j),(-9.011042013585335+15.636689919441478j),(-33.103117626907874+43.90015645123972j),(-81.64229895234062+108.27106188129223j),(-5.39278628072362+7.151717977143898j),(-47.69698607686455+63.25401657410434j),(98.45884495359256-130.57255652433284j),(-58.61117781542456+218.03493281350399j),(-140.80583132560994-32.593829265171145j),(-11.216992990142558-2.596517139576956j),(-111.55037975118093-25.821757507096244j),(-77.70604374470079-17.987447670613914j),(10.75995058751018+2.4907206544591283j),(-96.89357787947819-10.396699382448254j),(-24.03387769867292-2.578839659924996j),(135.0113473550108+14.486743315592248j),(-329.4386083427184-35.34882549359109j),(-44.86536333425247-4.814062040837615j),(66.03630305280234-663.6940606087005j),(-25.38476593296937+44.04970179619778j),(-12.269338345588814+21.290749608917974j),(56.55709830549419-98.14245762178044j),(-49.24754244041341+85.45832427307506j),(-8.850685076816589+15.358425575217575j),(-32.645145617888275+43.29281054887351j),(-80.51280148042306+106.77316321545311j),(-5.3181786502571535+7.0527760379933735j),(-47.03711214039745+62.3789156432647j),(97.09669545645598-128.76612316333527j),(-57.80030920909982+215.01848290257817j),(-138.85782358263387-32.14290311258186j),(-11.061809152996094-2.5605950797798065j),(-110.0071126759366-25.464520998582945j),(-76.63100321927917-17.738596561190015j),(10.611089799138147+2.4562622582776745j),(-95.55308339727597-10.25286406889814j),(-23.701375987557782-2.5431621629198418j),(133.1435046132638+14.28632343323651j),(-324.880920966811-34.859784769081685j),(-44.24466407525337-4.747460891990073j),(65.12270999736349-654.5120462215036j),(-25.033575075847065+43.44028697745814j),(-12.099595616375206+20.99619827747469j),(55.77464729205152-96.78468525140306j),(-48.56621700741609+84.2760332001951j),(-8.728238421745807+15.145946222205128j),(-33.15811535996868+43.97309245421819j),(-81.77793999421644+108.45094412158966j),(-5.401745890620911+7.163599887502499j),(-47.77623015706346+63.35910720507678j),(98.62242511342112-130.7894906116212j),(-58.708554804148186+218.39717745668108j),(-141.03976704163316-32.64798086326408j),(-11.235628974618997-2.600831009893938j),(-111.7357102713311-25.864657941506742j),(-77.83514506679526-18.017332132149633j),(10.777827238792064+2.4948587538136024j),(-97.05455749449762-10.413972525835952j),(-24.07380773804218-2.583124160763306j),(135.23565607800478+14.510811684341412j),(-329.9859397707054-35.407554260181016j),(-44.939902938169645-4.82206015455138j),(66.14601619246955-664.7967262002257j),(-25.426940346761068+44.122886254776574j),(-12.28972270342389+21.326122197592344j),(56.651062633276155-98.305512133656j),(-49.329362624952076+85.60030528402294j),(-8.865389662068836+15.383942162493133j)
12,1.54,(-30.406357031787095+35.6318364051913j),(-74.99127178350449+87.87888418246408j),(-4.953460483568429+5.804736601809099j),(-43.8113293236904+51.34051795562786j),(90.43785018492682-105.98003171697664j),(-0.434602807516529-102.680283808089j),(-159.85414270357424-56.965314458774905j),(-12.734435649932577-4.538018965192717j),(-126.64099317128145-45.129540450829424j),(-88.21817171030986-31.437257786773873j),(12.215564231297714+4.3531149456515035j),(-81.86397508311588-13.819573028885177j),(-20.30587380643653-3.4278631803362396j),(114.06912426700067+19.25616965885545j),(-278.3378900336455-46.98661156046286j),(-37.906093122690706-6.398981012305956j),(227.739622438059+607.659001733748j),(-35.53688293803899+47.96505353976579j),(-17.176208820113406+23.183174987614688j),(79.1759509268167-106.86583659822236j),(-68.94308796513536+93.0542757846893j),(-12.390335224158134+16.72355714029841j),(-29.865257538014546+34.997746348928416j),(-73.65675679517511+86.31502634527834j),(-4.865310661566431+5.701437806973587j),(-43.03168024919692+50.42688242057284j),(88.82845400169501-104.09405302337302j),(-0.42686878798589334-100.85302612210921j),(-157.00944165622667-55.951582271653194j),(-12.50781867386885-4.457262176004555j),(-124.38734018601274-44.32643301291428j),(-86.64827604658117-30.877812791234376j),(11.99818088561144+4.27564863520322j),(-80.40715618733778-13.573645377563277j),(-19.944518513996016-3.3668622840545033j),(112.03919528434002+18.91349448591341j),(-273.38469911907856-46.15045642017838j),(-37.231531294118454-6.285107279165246j),(223.68685826495008+596.8453426728902j),(-34.904482636091444+47.1114864333213j),(-16.87054780693189+22.770616382296573j),(77.76696704490432-104.96409447158655j),(-67.71620406194197+91.39831872716252j),(-12.169841723063763+16.42595133723454j),(-29.452080382052216+34.51356270232382j),(-72.63773697753913+85.1208830482798j),(-4.798000502949502+5.622560072368991j),(-42.4363494626128+49.72924116179386j),(87.59953816374404-102.65394206079239j),(-0.42096318239837754-99.45775382451436j),(-154.83726167484937-55.17750839651022j),(-12.334776638641682-4.3955972495623215j),(-122.66647749496254-43.71318969823942j),(-85.44952233684354-30.450627227701897j),(11.832189541028912+4.216496279301423j),(-79.29474655650787-13.385857939735088j),(-19.66859189839052-3.320282723129178j),(110.48916558829713+18.651831788009268j),(-269.60250128194764-45.51197827192263j),(-36.71644388217682-6.198154647090395j),(220.59221560846473+588.5881608648629j),(-34.42158926584142+46.45971271421305j),(-16.63714868243005+22.455591524253045j),(76.69108366333528-103.51194673849808j),(-66.7793700644027+90.13384955781552j),(-12.001475500698302+16.19870307564311j),(-29.914875869447258+35.055891830363784j),(-73.7791306058235+86.45843068657264j),(-4.873393920069105+5.71091021250665j),(-43.10317336021374+50.51066196815845j),(88.97603416790324-104.26699555422225j),(-0.42757799054252976-101.02058398996785j),(-157.27029815492747-56.04454059119241j),(-12.528599244458952-4.464667500122386j),(-124.59399811499685-44.40007723452078j),(-86.79223405107788-30.929113388493338j),(12.018114740694195+4.282752225413394j),(-80.54074515506012-13.596196719510917j),(-19.977654465649326-3.372456010761392j),(112.22533792576867+18.94491748759884j),(-273.8389022208686-46.22713108603427j),(-37.2933880002643-6.29554939692267j),(224.0584930535135+597.8369453734233j),(-34.96247316859298+47.189757760637356j),(-16.89857664383277+22.808447631169813j),(77.89616958536257-105.13848249490752j),(-67.82870819997707+91.55016848319508j),(-12.19006077656866+16.45324151869409j)
13,1.58,(-27.362857298756513+29.331716122722764j),(-67.48508104141331+72.3408823140568j),(-4.45764785979513+4.778392116400625j),(-39.42606972284536+42.26292131405913j),(81.3855466614913-87.24153786658654j),(153.463069447001+66.115171400261j),(-172.87636556883908-93.32714551362453j),(-13.771822959964974-7.434705843932888j),(-136.95756807552405-73.93641602146509j),(-95.40470233972326-51.50414001732289j),(13.2106826383314+7.1317747620678835j),(-69.51230574421669-14.923959251504693j),(-17.2421154360438-3.7017996370903923j),(96.85832912428617+20.795019551483385j),(-236.34215773879959-50.7415297729495j),(-32.18680661472878-6.910353285097851j),(-55.5126910895233-625.11010108056j),(-49.10726905371028+48.62482246381568j),(-23.735247385728243+23.50206420567755j),(109.41068555522288-108.33579759746625j),(-95.27022322133757+94.33425599698714j),(-17.12180346766151+16.953593020308304j),(-26.875918721502774+28.80974051318515j),(-66.28414325230118+71.05353260760315j),(-4.378321322984755+4.693357741762186j),(-38.72445899235993+41.51082709558765j),(79.93724168852471-85.68902199215283j),(150.73210140950331+64.93861198086172j),(-169.7999261980606-91.66633257441359j),(-13.526745049968326-7.30240076166689j),(-134.52032540694285-72.62067282872589j),(-93.7069180216092-50.58759272882563j),(12.97559055937837+7.004860521423384j),(-68.27529226674429-14.65837838012213j),(-16.935281574813473-3.63592387605848j),(95.1346766393135+20.42495961498607j),(-232.13630625268158-49.83855359449166j),(-31.614022944946257-6.787379373410669j),(-54.52480921287852-613.9858891635193j),(-48.233375532110955+47.759514370759845j),(-23.31286431854405+23.083830774062978j),(107.46365630389401-106.40789662675306j),(-93.57483204038249+92.655520918266j),(-16.81711063059657+16.65189358978052j),(-26.504098199041497+28.411166128413853j),(-65.36712139975144+70.07052763982354j),(-4.317748520295296+4.628426501802619j),(-38.18871735971949+40.9365368702592j),(78.83133318817787-84.50353928339516j),(148.64676660556498+64.04020516229534j),(-167.45079358134615-90.39815551140371j),(-13.339606464538102-7.201374169997216j),(-132.65927581110327-71.6159869315676j),(-92.41051005215236-49.88772808965179j),(12.79607703610031+6.907950312480082j),(-67.33072344642314-14.455583976544348j),(-16.70098687745163-3.585621926226199j),(93.81851604444186+20.142386236416556j),(-228.92476793961-49.14905169398948j),(-31.17665212795952-6.693477952926564j),(-53.77047432822903-605.491572877692j),(-47.566080803463336+47.098775373524184j),(-22.990337617938476+22.764472685963362j),(105.97692785949874-104.93577431057302j),(-92.28025144207743+91.37365872208412j),(-16.5844507938947+16.42151948280839j),(-26.92057054615169+28.857605201827266j),(-66.39426815527379+71.17158140480176j),(-4.385595494260401+4.701155316575215j),(-38.78879605820943+41.57979345136923j),(80.0700499372689-85.83138628577862j),(150.98252869464446+65.04650140950453j),(-170.08203289024706-91.81862761038002j),(-13.549218471409306-7.314533017375239j),(-134.7438183429064-72.74132528279215j),(-93.86260329939448-50.67163928155357j),(12.997148289195062+7.016498441858174j),(-68.38872527752764-14.682731904474139j),(-16.963417960813686-3.641964623429124j),(95.29273400447182+20.458893774582254j),(-232.52197900861043-49.9213556887723j),(-31.666546686501373-6.79865596926392j),(-54.615397082458635-615.0059692785073j),(-48.313510773209224+47.83886233586938j),(-23.351596461634767+23.122182399346176j),(107.64219711535934-106.58468339228367j),(-93.73029786966691+92.8094593981248j),(-16.845050686628145+16.679559153155232j)
14,1.62,(-24.70755552756681+24.748342137756183j),(-60.93630387016779+61.036895985383744j),(-4.025076066278818+4.031720560442343j),(-35.60014936580438+35.65891719547682j),(73.48786317617339-73.60917508927109j),(24.7700941372355-47.9121650875871j),(-172.50620707506255-144.7266858021975j),(-13.74233508158065-11.529339409074232j),(-136.66431800086335-114.65659205570579j),(-95.20042420834845-79.86983260632663j),(13.18239625938611+11.059570283880149j),(-60.124945070093574-15.056470263597587j),(-14.913636260304834-3.7346682082389298j),(83.77799665584052+20.97966017136318j),(-204.42508847399253-51.192067820664775j),(-27.840106280078334-6.971710857327583j),(149.512866573239+616.023780313891j),(-66.36732131765757+43.23797543613257j),(-32.07762964948875+20.89841408839469j),(147.86597307797243-96.33393641403737j),(-128.75547018548272+83.88354007089363j),(-23.139715446876803+15.075408020497605j),(-24.26786964956613+24.307930437385426j),(-59.851905527345984+59.95070754509765j),(-3.9534474058778826+3.959973657253411j),(-34.96662319955151+35.024345220189595j),(72.18010225231514-72.29925534662709j),(24.329295346892255-47.05953916310237j),(-169.43635489831684-142.15118698985768j),(-13.497781926195334-11.324167848690982j),(-134.23229389453152-112.61620872881889j),(-93.50627514299947-78.44850068070983j),(12.947807553635991+10.86275854889679j),(-59.05498534731195-14.788531278696597j),(-14.64823909278744-3.668207531125459j),(82.28711658979503+20.60631444348209j),(-200.78722051854987-50.28107404544948j),(-27.34467476886586-6.847645050572606j),(146.8521947824458+605.0612649645109j),(-65.18627473813861+42.46852954046731j),(-31.506788849763335+20.526514183645894j),(145.23460875191938-94.61961581416217j),(-126.4641888042578+82.39078179601185j),(-22.72793023034276+14.80713202677109j),(-23.93213072783377+23.971637286299586j),(-59.02387181381656+59.1213069343752j),(-3.898752610317253+3.9051885729022358j),(-34.4828701326708+34.539793585933616j),(71.181511521004-71.29901616689494j),(23.992706618494346-46.4084841193761j),(-167.09225218484116-140.18456664237272j),(-13.31104403716269-11.167501278533114j),(-132.375229130933-111.0581962195142j),(-92.21264300943965-77.36318847941685j),(12.76867840016563+10.712475442266093j),(-58.23797679280205-14.583936247603557j),(-14.445584963302359-3.6174589463104505j),(81.14869825331708+20.321232073581676j),(-198.00938769317287-49.58545000315263j),(-26.966369142760552-6.752909871964693j),(144.82053735877201+596.6904182600152j),(-64.2844415773229+41.88098978022592j),(-31.070901585309624+20.242535827141722j),(143.22533016073237-93.3105809360741j),(-124.71459351633115+81.25092928154223j),(-22.413495922802298+14.602279659735828j),(-24.308188444671288+24.348315789741765j),(-59.951343869089904+60.0503100371509j),(-3.9600156888882325+3.966552783019875j),(-35.02471697278584+35.082534893161174j),(72.30002273958513-72.41937379561624j),(24.369716195047-47.137724184888754j),(-169.7178575508017-142.3873578884558j),(-13.520207228115732-11.342981894168435j),(-134.45530829308325-112.80331002410455j),(-93.66162707141255-78.57883552554485j),(12.969319124587809+10.880806005988584j),(-59.15309968073055-14.813101039913471j),(-14.672575771662094-3.674301914768783j),(82.42382893585123+20.64054990715964j),(-201.12080970131387-50.36461134606054j),(-27.390105387834215-6.859021772210462j),(147.0961759657007+606.0665176513123j),(-65.29457563528318+42.53908702926567j),(-31.55913443190132+20.560617066657237j),(145.47590246731363-94.7768174539447j),(-126.67429722292695+82.52766637211006j),(-22.76569056016792+14.831732691390743j)
15,1.66,(-22.425162366496558+21.287639935525906j),(-55.307232104691266+52.5017577858975j),(-3.6532543344117223+3.4679420194541866j),(-32.31153842430776+30.672526891810108j),(66.69932449828491-63.31598320927186j),(63.5477409104174+40.2115097059826j),(-143.18402390555732-203.19579041969433j),(-11.40644657489354-16.187154575249725j),(-113.43445147546271-160.97747779168614j),(-79.01848893898661-112.13698204429409j),(10.941684784218573+15.527600269977773j),(-52.784438629178176-14.734478887245269j),(-13.092867145279234-3.6548001557978815j),(73.54974741016967+20.530997932756463j),(-179.46733297203468-50.097295667077795j),(-24.441176281448964-6.82261676454352j),(-62.4230240902689-551.147539711353j),(-83.04245529476717+27.383862940822418j),(-40.13730060581848+13.235571307506625j),(185.01806634883425-61.01107382348467j),(-161.10595040679962+53.12587698943836j),(-28.953689065338974+9.547692805831485j),(-22.02609305373432+20.908813521671608j),(-54.32300649481226+51.56745728648484j),(-3.588242466370246+3.4062278960161994j),(-31.736535076615446+30.1266907445685j),(65.51236972158269-62.1892370348968j),(62.41687046773106+39.49592159646357j),(-140.63597769368727-199.57979856582418j),(-11.203461966741822-15.899094379905407j),(-111.41581687857321-158.11278631776824j),(-77.61230718828035-110.14143669981509j),(10.746970892923734+15.251277241973991j),(-51.84510765337407-14.472269933421703j),(-12.859871664204814-3.589760778930911j),(72.2408852189793+20.16563642047645j),(-176.27360335429853-49.205784023756266j),(-24.006230783069398-6.701204177246749j),(-61.312168662909244-541.3395362593106j),(-81.56466463162876+26.896550555477287j),(-39.42303309207125+13.00003631964881j),(181.72555807711095-59.925344904170366j),(-158.2389726850774+52.18046991172905j),(-28.438440675677413+9.377785843990237j),(-21.721368459502393+20.619546164963413j),(-53.5714634921015+50.854036506010466j),(-3.5386001749796234+3.3591037232932917j),(-31.297469339902356+29.709896736194285j),(64.60602513146952-61.328867019441915j),(61.553351209907824+38.94950700296589j),(-138.690319826331-196.81867007215564j),(-11.048465327370527-15.679135031156973j),(-109.87441144155288-155.9253418837499j),(-76.53856348086681-108.61766194209507j),(10.598289674853+15.040280255003065j),(-51.127845660789035-14.272050286100765j),(-12.681959078201047-3.5400974821273974j),(71.24145357299446+19.88665070291559j),(-173.83490929607873-48.525036306313886j),(-23.674111558994447-6.608494965549734j),(-60.46393263340982-533.8502611470205j),(-80.4362412079693+26.524444597590815j),(-38.87762688984255+12.820184596383994j),(179.21143781022914-59.096295178212j),(-156.04978249935075+51.458568279792225j),(-28.04500311621812+9.248046903038139j),(-22.0626873467491+20.94355155926805j),(-54.41325908805543+51.65313179250664j),(-3.5942039955394045+3.4118870250046154j),(-31.789262360616032+30.176743422816198j),(65.62121239503529-62.29255863427753j),(62.52057025876479+39.5615403752576j),(-140.86963121379125-199.91138172997097j),(-11.222075470688742-15.925509237819087j),(-111.60092383509922-158.37547592040363j),(-77.74125277585561-110.32442639289543j),(10.764825979657342+15.276615812317852j),(-51.9312434495056-14.496314256000412j),(-12.881237137902954-3.5957248306343463j),(72.36090669146202+20.199139738845265j),(-176.566465455452-49.28753483059225j),(-24.04611488967482-6.712337601073471j),(-61.41403309524178-542.2389212551894j),(-81.70017669134359+26.941236657988195j),(-39.488530773434135+13.021634663809232j),(182.0274780909929-60.02490525856845j),(-158.50187193455707+52.26716288087888j),(-28.485688484375505+9.393366157855597j)
16,1.7,(-20.464778060642566+18.59444028369408j),(-50.472331556535295+45.859512980095126j),(-3.3338906506431+3.0291963309863847j),(-29.486897434432638+26.792000962396667j),(60.868539114413984-55.30557978028376j),(-345.716012123596+103.629127843256j),(-79.63346612726644-242.5442932656437j),(-6.343828397736519-19.3217682232808j),(-63.087894185698396-192.15047960406017j),(-43.94705492074343-133.85210885864572j),(6.085345703191111+18.534492401709482j),(-46.90428154254346-14.20378590686165j),(-11.634329032000464-3.5231649074644054j),(65.35634648205912+19.7915312324705j),(-159.47477195971396-48.29293710440511j),(-21.718442846189767-6.576885995746188j),(-82.1336883426401+414.18559764732j),(-89.77846751102163+1.96813130615288j),(-43.393049081084335+0.9512661636313411j),(200.0258590583552-4.384984130014725j),(-174.17410507779803+3.81825975011984j),(-31.302275731731125+0.6862111877091955j),(-20.100594970994408+18.263540984775354j),(-49.57414592297811+45.043415239999405j),(-3.274562052301966+2.975289952148536j),(-28.962160279698356+26.315221118538652j),(59.78534668636177-54.321383574515856j),(-339.56378681907887+101.78498490441407j),(-78.21634048594838-238.2280710307255j),(-6.230936138693232-18.977925684252593j),(-61.96520699330075-188.7310457293209j),(-43.16499052725002-131.470129713032j),(5.977053299862906+18.204659911568957j),(-46.069591514668595-13.951020955249005j),(-11.42728911784641-3.4604680593706583j),(64.1932908105331+19.4393289768804j),(-156.6368220439551-47.43353511183279j),(-21.33195003426508-6.459846335941572j),(-80.67206973645803+406.81491470162695j),(-88.18080544084651+1.9331072204880333j),(-42.62084355621741+0.9343378075298268j),(196.4662780482149-4.306950688176522j),(-171.0745716484116+3.7503115110156924j),(-30.74523282341226+0.6739996450405905j),(-19.82250908297905+18.010870204612626j),(-48.88830202574584+44.42025268464545j),(-3.2292594382505007+2.9341276806018315j),(-28.56147721176703+25.951157684414977j),(58.958233795048166-53.569863024435605j),(-334.86602054242377+100.37681922799413j),(-77.13424015345905-234.93225492287584j),(-6.144732948598817-18.71537159945011j),(-61.107936368343964-186.12000657732366j),(-42.56781543172343-129.65127868790069j),(5.894362505037877+17.95280373393683j),(-45.43223210887248-13.758012636009719j),(-11.269195894907977-3.4125934897558037j),(63.30519529368719+19.170391511658142j),(-154.46979714659-46.777305942879536j),(-21.03682870691442-6.3704762398143036j),(-79.55599510368859+401.186748621173j),(-86.96084963245809+1.9063632440627563j),(-42.03119657584706+0.9214115155823402j),(193.7482242057814-4.247365277471602j),(-168.70780468244143+3.6984270415072045j),(-30.319881465192513+0.6646750558886966j),(-20.133990229079693+18.293884149523358j),(-49.65650872864851+45.11825066050079j),(-3.2800024308087075+2.9802331180584978j),(-29.010278199523302+26.358941396574853j),(59.88467444681813-54.411633471428786j),(-340.1279402838695+101.95409113460254j),(-78.34628961833894-238.62386468393382j),(-6.241288256168604-19.00945573234637j),(-62.068156387725914-189.04460470555674j),(-43.23670512082233-131.68855503420326j),(5.986983614752912+18.234905250922296j),(-46.14613183104909-13.974199271414577j),(-11.446274489665319-3.4662173033161894j),(64.29994195777799+19.47162560337949j),(-156.89705947002955-47.512341492899765j),(-21.36739107359176-6.470578766294572j),(-80.80609883325894+407.49079962388964j),(-88.32730959955995+1.9363188972880425j),(-42.69165410050361+0.9358901223874878j),(196.792688389299-4.314106283819328j),(-171.35879604476764+3.7565423027405798j),(-30.796313151457856+0.675119432396537j)
